Türkçe Adı;Bilimsel Adı;Cins;Habitat;Görüldüğü Türkiye Bölgeleri;IUCN Durumu
Kızılgerdanlı dalgıç;Gavia stellata;Gavia;Deniz kıyıları, sığ göller;Marmara, Karadeniz, Ege kıyıları (Kış göçmeni);LC (Asgari Endişe)
Karagerdanlı dalgıç;Gavia arctica;Gavia;Kıyılar, büyük ve derin göller;Karadeniz, Marmara, Ege (Kış göçmeni);LC (Asgari Endişe)
Buz dalgıcı;Gavia immer;Gavia;Deniz kıyıları, derin tatlı sular;Tüm kıyılar (Nadir kış ziyaretçisi);LC (Asgari Endişe)
Küçük batağan;Tachybaptus ruficollis;Tachybaptus;Sazlıklı göller, yavaş akan nehirler;Tüm Türkiye;LC (Asgari Endişe)
Bahri;Podiceps cristatus;Podiceps;Büyük göller, lagünler, barajlar;Tüm Türkiye;LC (Asgari Endişe)
Kızılboyunlu batağan;Podiceps grisegena;Podiceps;Sığ göller, kıyı suları;Karadeniz, Marmara, Doğu Anadolu;LC (Asgari Endişe)
Kulaklı batağan;Podiceps auritus;Podiceps;Tatlı su gölleri, deniz kıyıları;Karadeniz ve Marmara kıyıları (Nadir);VU (Hassas)
Karaboyunlu batağan;Podiceps nigricollis;Podiceps;Sığ göller, lagünler;İç, Doğu ve Batı Anadolu;LC (Asgari Endişe)
Yelkovan;Puffinus yelkouan;Puffinus;Açık deniz, boğazlar;Marmara, Ege, Akdeniz;VU (Hassas)
Fırtınakırlangıcı;Hydrobates pelagicus;Hydrobates;Açık deniz;Akdeniz, Ege;LC (Asgari Endişe)
Sümsükkuşu;Morus bassanus;Morus;Açık deniz, kayalık adalar;Kıyılar (Nadir ziyaretçi);LC (Asgari Endişe)
Karabatak;Phalacrocorax carbo;Phalacrocorax;Deniz kıyıları, göller, nehirler;Tüm Türkiye;LC (Asgari Endişe)
Tepeli karabatak;Gulosus aristotelis;Gulosus;Kayalık deniz kıyıları, adalar;Karadeniz, Marmara, Ege, Akdeniz;LC (Asgari Endişe)
Küçük karabatak;Microcarbo pygmaeus;Microcarbo;Sazlıklı göller, deltalar, nehirler;Trakya, Marmara, Ege, İç Anadolu;LC (Asgari Endişe)
Yılanboyun;Anhinga rufa;Anhinga;Sulak alanlar, göller;Geçmişte Akdeniz (Türkiye'de soyu tükendi);LC (Küresel) / TR: EX
Ak pelikan;Pelecanus onocrotalus;Pelecanus;Büyük sığ göller, deltalar;Marmara, İç ve Doğu Anadolu (Yaz Göçmeni);LC (Asgari Endişe)
Tepeli pelikan;Pelecanus crispus;Pelecanus;Göller, deltalar, lagünler;Marmara, Ege, İç Anadolu;NT (Neredeyse Tehdit Altında)
Balaban;Botaurus stellaris;Botaurus;Yoğun sazlıklar, bataklıklar;Marmara, İç Anadolu, Göller Yöresi;LC (Asgari Endişe)
Küçük balaban;Ixobrychus minutus;Ixobrychus;Sazlıklar, tatlı su kenarları;Tüm Türkiye (Yaz göçmeni);LC (Asgari Endişe)
Gece balıkçılı;Nycticorax nycticorax;Nycticorax;Ağaçlık sulak alanlar, nehir boyları;Tüm Türkiye (Yaz göçmeni);LC (Asgari Endişe)
Alaca balıkçıl;Ardeola ralloides;Ardeola;Sazlıklı sığ sular, bataklıklar;Marmara, Ege, İç Anadolu (Yaz göçmeni);LC (Asgari Endişe)
Sığır balıkçılı;Bubulcus ibis;Bubulcus;Sulak alanlar, tarım arazileri, meralar;Tüm Türkiye kıyı ve iç kesimleri;LC (Asgari Endişe)
Küçük ak balıkçıl;Egretta garzetta;Egretta;Deltalar, sığ göller, nehirler;Tüm Türkiye;LC (Asgari Endişe)
Büyük ak balıkçıl;Ardea alba;Ardea;Sulak alanlar, deltalar, lagünler;Tüm Türkiye;LC (Asgari Endişe)
Gri balıkçıl;Ardea cinerea;Ardea;Nehir kenarları, göller, kıyılar;Tüm Türkiye;LC (Asgari Endişe)
Erguvani balıkçıl;Ardea purpurea;Ardea;Yoğun sazlıklı göller ve bataklıklar;Tüm Türkiye (Yaz göçmeni);LC (Asgari Endişe)
Sarıgagalı leylek;Mycteria ibis;Mycteria;Sulak alanlar, nehir kıyıları;Türkiye için nadir rastlantısal;LC (Asgari Endişe)
Kara leylek;Ciconia nigra;Ciconia;Orman içi dereler, dağlık sulak alanlar;Tüm Türkiye (Yaz göçmeni);LC (Asgari Endişe)
Leylek;Ciconia ciconia;Ciconia;Tarım alanları, köyler, sulak çayırlar;Tüm Türkiye (Yaz göçmeni);LC (Asgari Endişe)
Çeltikçi;Plegadis falcinellus;Plegadis;Sığ bataklıklar, çeltik tarlaları;Marmara, Ege, Akdeniz, İç Anadolu;LC (Asgari Endişe)
Kelaynak;Geronticus eremita;Geronticus;Kayalıklar, kurak vadiler;Güneydoğu Anadolu (Sadece Birecik);EN (Tehlikede)
Kaşıkçı;Platalea leucorodia;Platalea;Sığ sular, sazlıklar, deltalar;Marmara, Ege, İç Anadolu;LC (Asgari Endişe)
Flamingo;Phoenicopterus roseus;Phoenicopterus;Tuzlu ve sığ göller, lagünler;İç Anadolu, Ege, Akdeniz;LC (Asgari Endişe)
Kuğu;Cygnus olor;Cygnus;Sığ göller, nehirler, deltalar;Marmara, Karadeniz, İç Anadolu;LC (Asgari Endişe)
Ötücü kuğu;Cygnus cygnus;Cygnus;Göller, bataklıklar;Marmara, Karadeniz (Kış ziyaretçisi);LC (Asgari Endişe)
Tarla kazı;Anser fabalis;Anser;Tarım alanları, bataklıklar;Karadeniz, Trakya (Nadir kış ziyaretçisi);LC (Asgari Endişe)
Sakarca;Anser albifrons;Anser;Tarım arazileri, sulak alanlar;Trakya, İç Anadolu, Karadeniz (Kışın);LC (Asgari Endişe)
Küçük sakarca;Anser erythropus;Anser;Bozkırlar, sulak alanlar;Trakya, İç ve Doğu Anadolu (Nadir);VU (Hassas)
Boz kaz;Anser anser;Anser;Göller, sazlıklar, bataklıklar;Tüm Türkiye;LC (Asgari Endişe)
Akyanaklı kaz;Branta leucopsis;Branta;Otlaklar, kıyılar;Nadir rastlantısal (Kışın);LC (Asgari Endişe)
Yosun kazı;Branta bernicla;Branta;Kıyılar, lagünler;Çok nadir kış ziyaretçisi;LC (Asgari Endişe)
Sibirya kazı;Branta ruficollis;Branta;Tarım alanları, otlaklar;Trakya, Karadeniz (Kış ziyaretçisi);VU (Hassas)
Nil kazı;Alopochen aegyptiaca;Alopochen;Göller, nehirler;Çok nadir/Park kaçkını yerleşik;LC (Asgari Endişe)
Angıt;Tadorna ferruginea;Tadorna;Bozkır gölleri, kayalık nehir kıyıları;İç, Doğu ve Güneydoğu Anadolu;LC (Asgari Endişe)
Suna;Tadorna tadorna;Tadorna;Tuzlu göller, lagünler, deltalar;İç Anadolu, Ege, Akdeniz, Marmara;LC (Asgari Endişe)
Fiyu;Mareca penelope;Mareca;Kıyı suları, lagünler, göller;Tüm Türkiye (Kış göçmeni);LC (Asgari Endişe)
Boz ördek;Mareca strepera;Mareca;Sığ göller, bataklıklar;Tüm Türkiye;LC (Asgari Endişe)
Çamurcun;Anas crecca;Anas;Sığ sulak alanlar, göletler;Tüm Türkiye (Kış göçmeni ağırlıklı);LC (Asgari Endişe)
Yeşilbaş;Anas platyrhynchos;Anas;Her türlü tatlı su ve kıyı habitatı;Tüm Türkiye;LC (Asgari Endişe)
Kılkuyruk;Anas acuta;Anas;Sığ göller, bataklıklar;Tüm Türkiye (Kış göçmeni);LC (Asgari Endişe)
Çıkrıkçın;Spatula querquedula;Spatula;Sığ tatlı sular, sazlıklar;Tüm Türkiye;LC (Asgari Endişe)
Kaşıkgaga;Spatula clypeata;Spatula;Deltalar, sığ göller;Tüm Türkiye (Kışın yaygın);LC (Asgari Endişe)
Yaz ördeği;Marmaronetta angustirostris;Marmaronetta;Sığ bataklıklar, lagünler;Akdeniz, Güneydoğu Anadolu;VU (Hassas)
Macar ördeği;Netta rufina;Netta;Derin tatlı su gölleri, sazlıklar;İç Anadolu, Göller Yöresi;LC (Asgari Endişe)
Elmabaş patka;Aythya ferina;Aythya;Derin göller, lagünler;Tüm Türkiye;VU (Hassas)
Pasbaş patka;Aythya nyroca;Aythya;Zengin bitki örtülü göller;Marmara, İç, Doğu Anadolu;NT (Neredeyse Tehdit Altında)
Tepeli patka;Aythya fuligula;Aythya;Büyük göller, kıyılar;Tüm Türkiye (Kış göçmeni);LC (Asgari Endişe)
Karabaş patka;Aythya marila;Aythya;Deniz kıyıları, nehir ağızları;Karadeniz, Marmara (Kış göçmeni);LC (Asgari Endişe)
Pufla;Somateria mollissima;Somateria;Deniz kıyıları, adalar;Nadir kış ziyaretçisi;NT (Neredeyse Tehdit Altında)
Telkuyruk;Clangula hyemalis;Clangula;Açık deniz, lagünler;Nadir kış ziyaretçisi;VU (Hassas)
Kara ördek;Melanitta nigra;Melanitta;Deniz kıyıları, sığ sular;Karadeniz, Trakya (Kış ziyaretçisi);LC (Asgari Endişe)
Kadife ördek;Melanitta fusca;Melanitta;Deniz kıyıları, iç göller;Karadeniz kıyıları (Nadir);VU (Hassas)
Altıngöz;Bucephala clangula;Bucephala;Göller, nehirler, deniz kıyıları;Kış göçmeni (İç ve kıyı sular);LC (Asgari Endişe)
Sütlabi;Mergellus albellus;Mergellus;Ormanlık göller, nehirler;Kış göçmeni (Marmara, Trakya);LC (Asgari Endişe)
Tarakdiş;Mergus serrator;Mergus;Deniz kıyıları, nehir ağızları;Kıyılar ve batı bölgeler (Kışın);LC (Asgari Endişe)
Büyük tarakdiş;Mergus merganser;Mergus;Derin tatlı sular, göller;Nadir kış ziyaretçisi;LC (Asgari Endişe)
Dikkuyruk;Oxyura leucocephala;Oxyura;Sazlıklı tuzlu ve tatlı göller;Burdur Gölü, İç ve Doğu Anadolu;EN (Tehlikede)
Arı şahini;Pernis apivorus;Pernis;Ormanlık alanlar;Tüm Türkiye (Yaz göçmeni, geçit kuşu);LC (Asgari Endişe)
Tepeli arı şahini;Pernis ptilorhynchus;Pernis;Ormanlık alanlar, açıklıklar;Doğu Karadeniz (Çok nadir);LC (Asgari Endişe)
Ak çaylak;Elanus caeruleus;Elanus;Açık araziler, savan benzeri yerler;Güneydoğu Anadolu (Nadir);LC (Asgari Endişe)
Kara çaylak;Milvus migrans;Milvus;Çöplükler, sulak alanlar, köyler;Tüm Türkiye (Yaz göçmeni);LC (Asgari Endişe)
Kızıl çaylak;Milvus milvus;Milvus;Tarım alanları, açık ormanlar;Trakya, Karadeniz (Nadir);LC (Asgari Endişe)
Akkuyruklu kartal;Haliaeetus albicilla;Haliaeetus;Sulak alanlar, kıyılar, nehir boyları;Kısıtlı popülasyon (Marmara, Karadeniz);LC (Asgari Endişe)
Sakallı akbaba;Gypaetus barbatus;Gypaetus;Yüksek dağlık alanlar;Toroslar, Doğu ve Güneydoğu Anadolu;NT (Neredeyse Tehdit Altında)
Küçük akbaba;Neophron percnopterus;Neophron;Dağlık bölgeler, bozkırlar;Tüm Türkiye (Yaz göçmeni);EN (Tehlikede)
Kızıl akbaba;Gyps fulvus;Gyps;Sarp kayalıklar, dağlar, bozkırlar;İç, Doğu ve Güneydoğu Anadolu;LC (Asgari Endişe)
Kara akbaba;Aegypius monachus;Aegypius;Ormanlık dağlar, açık araziler;İç Anadolu, Karadeniz, Ege;NT (Neredeyse Tehdit Altında)
Yılan kartalı;Circaetus gallicus;Circaetus;Açık araziler, maki ve orman kenarı;Tüm Türkiye (Yaz göçmeni);LC (Asgari Endişe)
Saz delicesi;Circus aeruginosus;Circus;Sazlıklar, bataklıklar, tarım alanları;Tüm Türkiye;LC (Asgari Endişe)
Gökçe delice;Circus cyaneus;Circus;Bozkırlar, tarım arazileri;Kış göçmeni (Tüm Türkiye);LC (Asgari Endişe)
Bozkır delicesi;Circus macrourus;Circus;Kuru bozkırlar, geniş çayırlar;Geçit kuşu (Özellikle İlkbahar/Sonbahar);NT (Neredeyse Tehdit Altında)
Çakır;Accipiter gentilis;Accipiter;Ormanlar, dağlık ormanlık alanlar;Karadeniz, Marmara, Toroslar;LC (Asgari Endişe)
Atmaca;Accipiter nisus;Accipiter;Ormanlar, parklar, bahçeler;Tüm Türkiye;LC (Asgari Endişe)
Yaz atmacası;Accipiter brevipes;Accipiter;Nehir boyu ağaçlıklar, seyrek orman;Tüm Türkiye (Yaz göçmeni);LC (Asgari Endişe)
Şahin;Buteo buteo;Buteo;Açık araziler, orman kenarları;Tüm Türkiye;LC (Asgari Endişe)
Kızıl şahin;Buteo rufinus;Buteo;Bozkırlar, yarı kurak alanlar;Tüm Türkiye;LC (Asgari Endişe)
Paçalı şahin;Buteo lagopus;Buteo;Bozkırlar, sulak alan kenarları;Trakya, Karadeniz (Kış ziyaretçisi);LC (Asgari Endişe)
Küçük orman kartalı;Clanga pomarina;Clanga;Nemli ormanlar, sulak alan yakınları;Trakya, Karadeniz (Yaz göçmeni);LC (Asgari Endişe)
Büyük orman kartalı;Clanga clanga;Clanga;Sulak alanlar, nehir boyları;Geçit ve kış ziyaretçisi;VU (Hassas)
Bozkır kartalı;Aquila nipalensis;Aquila;Geniş bozkırlar, yarı çöller;Geçit kuşu, İç Anadolu (Nadir);EN (Tehlikede)
Şah kartal;Aquila heliaca;Aquila;Açık alanlardaki büyük ağaçlar;Trakya, İç Anadolu, Doğu Anadolu;VU (Hassas)
Kaya kartalı;Aquila chrysaetos;Aquila;Yüksek dağlar, sarp vadiler;Tüm Türkiye (Özellikle Toroslar, Doğu);LC (Asgari Endişe)
Küçük kartal;Hieraaetus pennatus;Hieraaetus;Orman açıklıkları, engebeli araziler;Tüm Türkiye (Yaz göçmeni);LC (Asgari Endişe)
Balık kartalı;Pandion haliaetus;Pandion;Göller, nehirler, deniz kıyıları;Geçit kuşu (Tüm sulak alanlar);LC (Asgari Endişe)
Küçük kerkenez;Falco naumanni;Falco;Eski binalar, tarım alanları, bozkırlar;Tüm Türkiye (Yaz göçmeni);LC (Asgari Endişe)
Kerkenez;Falco tinnunculus;Falco;Açık araziler, şehirler, tarlalar;Tüm Türkiye;LC (Asgari Endişe)
Ala doğan;Falco vespertinus;Falco;Tarım alanları, seyrek ormanlar;Geçit kuşu (Doğu bölgeler yoğun);NT (Neredeyse Tehdit Altında)
Boz doğan;Falco columbarius;Falco;Açık araziler, sulak alan kıyıları;Tüm Türkiye (Kış göçmeni);LC (Asgari Endişe)
Delice doğan;Falco subbuteo;Falco;Orman kenarları, nehir boyları;Tüm Türkiye (Yaz göçmeni);LC (Asgari Endişe)
Gri doğan;Falco concolor;Falco;Kuru kayalıklar, çöller;Güney ve Güneydoğu (Çok Nadir/Rastlantısal);VU (Hassas)
Bıyıklı doğan;Falco biarmicus;Falco;Kayalıklar, yarı kurak alanlar;İç ve Güneydoğu Anadolu;LC (Asgari Endişe)
Ulu doğan;Falco cherrug;Falco;Bozkırlar, açık araziler;İç, Doğu ve Güneydoğu Anadolu;EN (Tehlikede)
Gök doğan;Falco peregrinus;Falco;Sarp kayalıklar, yüksek binalar;Tüm Türkiye;LC (Asgari Endişe)
Ormanhorozu;Tetrao urogallus;Tetrao;İğne yapraklı yoğun ormanlar;Karadeniz (Eski kayıtlar, soyu tükendi/belirsiz);LC (Küresel) / TR: EX
Dağhorozu;Lyrurus mlokosiewiczi;Lyrurus;Yüksek dağ çayırları, orman sınırları;Doğu Karadeniz (Kaçkarlar);NT (Neredeyse Tehdit Altında)
Urkeklik;Tetraogallus caspius;Tetraogallus;Yüksek sarp kayalıklar, dağlar;Toroslar, Doğu Anadolu;LC (Asgari Endişe)
Kınalı keklik;Alectoris chukar;Alectoris;Kayalık yamaçlar, çalılıklar;Tüm Türkiye;LC (Asgari Endişe)
Kum kekliği;Ammoperdix griseogularis;Ammoperdix;Kurak kayalıklar, çölümsü bölgeler;Güneydoğu Anadolu;LC (Asgari Endişe)
Turaç;Francolinus francolinus;Francolinus;Tarım alanları, ılgınlıklar;Akdeniz, Güneydoğu Anadolu;LC (Asgari Endişe)
Çilkeklik;Perdix perdix;Perdix;Bozkırlar, tarım arazileri;İç, Doğu ve Kuzey Anadolu;LC (Asgari Endişe)
Bıldırcın;Coturnix coturnix;Coturnix;Tarlalar, çayırlar;Tüm Türkiye;LC (Asgari Endişe)
Sülün;Phasianus colchicus;Phasianus;Orman kenarları, çalılıklar;Karadeniz, Marmara;LC (Asgari Endişe)
Sukılavuzu;Rallus aquaticus;Rallus;Sazlıklar, bataklıklar;Tüm Türkiye;LC (Asgari Endişe)
Benekli suyelvesi;Porzana porzana;Porzana;Bataklıklar, sığ sular, ıslak çayırlar;Tüm Türkiye;LC (Asgari Endişe)
Bataklık suyelvesi;Zapornia parva;Zapornia;Sazlıklar, tatlı su kıyıları;Tüm Türkiye;LC (Asgari Endişe)
Bıldırcınkılavuzu;Crex crex;Crex;Nemli çayırlar, tarım alanları;Doğu Anadolu (Üreme), Tüm Türkiye (Geçit);LC (Asgari Endişe)
Sutavuğu;Gallinula chloropus;Gallinula;Sazlıklı göller, yavaş akan nehirler;Tüm Türkiye;LC (Asgari Endişe)
Sazhorozu;Porphyrio porphyrio;Porphyrio;Sazlıklar, yoğun bitki örtülü göller;Akdeniz (Göksu Deltası), Karadeniz (Kızılırmak);LC (Asgari Endişe)
Sakarmeke;Fulica atra;Fulica;Göller, göletler, deniz kıyıları;Tüm Türkiye;LC (Asgari Endişe)
Turna;Grus grus;Grus;Bataklıklar, sulak alanlar;İç ve Doğu Anadolu (Üreme), Tüm Türkiye (Geçit);LC (Asgari Endişe)
Ak turna;Leucogeranus leucogeranus;Leucogeranus;Geniş sulak alanlar;Çok Nadir Rastlantısal / Eski Geçit Kuşu;CR (Kritik Tehlikede)
Telli turna;Grus virgo;Grus;Bozkırlar, sulak alan kenarları;Doğu Anadolu (Bulanık Ovası vb.);LC (Asgari Endişe)
Mezgeldek;Tetrax tetrax;Tetrax;Bozkırlar, tarım arazileri;Trakya, İç Anadolu (Çok Nadir Geçit);NT (Neredeyse Tehdit Altında)
Yakalı toy;Chlamydotis macqueenii;Chlamydotis;Çöller, kurak bozkırlar;Güneydoğu Anadolu (Nadir/Tükendi);VU (Hassas)
Toy;Otis tarda;Otis;Geniş bozkırlar, buğday tarlaları;İç ve Doğu Anadolu;VU (Hassas)
Poyrazkuşu;Haematopus ostralegus;Haematopus;Kumsallar, çamur düzlükleri, lagünler;Tüm Türkiye kıyıları ve bazı iç sular;NT (Neredeyse Tehdit Altında)
Uzunbacak;Himantopus himantopus;Himantopus;Sığ tatlı/tuzlu sular, bataklıklar;Tüm Türkiye;LC (Asgari Endişe)
Kılıçgaga;Recurvirostra avosetta;Recurvirostra;Tuzlu ve acı sular, sığ lagünler;Marmara, Ege, İç ve Doğu Anadolu;LC (Asgari Endişe)
Yengeç yağmurcunu;Dromas ardeola;Dromas;Kıyı kumsalları, kum adacıkları;Türkiye için çok nadir rastlantısal;LC (Asgari Endişe)
Kocagöz;Burhinus oedicnemus;Burhinus;Kuru açık araziler, taşlık yataklar;Tüm Türkiye;LC (Asgari Endişe)
Çölkoşarı;Cursorius cursor;Cursorius;Yarı çöller, kurak stepler;Güneydoğu Anadolu (Birecik vb.);LC (Asgari Endişe)
Bataklıkkırlangıcı;Glareola pratincola;Glareola;Sulak alan kenarları, çamur düzlükleri;Marmara, Ege, Akdeniz, İç Anadolu;LC (Asgari Endişe)
Karakanatlı bataklıkkırlangıcı;Glareola nordmanni;Glareola;Bozkır bataklıkları;İç ve Doğu Anadolu (Geçit kuşu);NT (Neredeyse Tehdit Altında)
Halkalı küçük cılıbıt;Charadrius dubius;Charadrius;Çakıllı tatlı su kenarları;Tüm Türkiye;LC (Asgari Endişe)
Halkalı cılıbıt;Charadrius hiaticula;Charadrius;Kumsallar, çamur düzlükleri;Tüm Türkiye (Geçit kuşu ve Kışın);LC (Asgari Endişe)
Akça cılıbıt;Charadrius alexandrinus;Charadrius;Tuzlu göller, kumsallar, lagünler;Tüm kıyılar, İç Anadolu (Tuz Gölü);LC (Asgari Endişe)
Büyük cılıbıt;Charadrius leschenaultii;Charadrius;Kurak stepler, tuz çölleri (Üreme);İç ve Doğu Anadolu;LC (Asgari Endişe)
Doğu cılıbıtı;Charadrius asiaticus;Charadrius;Kurak alanlar, bozkırlar;Türkiye için nadir rastlantısal;LC (Asgari Endişe)
Dağ cılıbıtı;Charadrius morinellus;Charadrius;Yüksek dağ tundraları, bozkırlar;Tüm Türkiye (Nadir geçit/kış ziyaretçisi);LC (Asgari Endişe)
Küçük altın yağmurcun;Pluvialis fulva;Pluvialis;Sulak alanlar, çayırlar;Türkiye için nadir rastlantısal;LC (Asgari Endişe)
Amerikan altın yağmurcunu;Pluvialis dominica;Pluvialis;Otlaklar, kısa otlu çayırlar;Türkiye için nadir rastlantısal;LC (Asgari Endişe)
Altın yağmurcun;Pluvialis apricaria;Pluvialis;Otlaklar, tarlalar, kıyılar;Tüm Türkiye (Kış göçmeni);LC (Asgari Endişe)
Gümüş yağmurcun;Pluvialis squatarola;Pluvialis;Çamur düzlükleri, kumsallar;Tüm Türkiye kıyıları (Geçit ve kış);LC (Asgari Endişe)
Mahmuzlu kızkuşu;Vanellus spinosus;Vanellus;Sulak alanlar, nehir kenarları;Akdeniz, Ege, Güneydoğu Anadolu;LC (Asgari Endişe)
Büyük kızkuşu;Vanellus indicus;Vanellus;Bataklıklar, nehir kenarları;Güneydoğu Anadolu (Dicle Vadisi);LC (Asgari Endişe)
Sürmeli kızkuşu;Vanellus gregarius;Vanellus;Bozkırlar, kısa otlu tarlalar;Doğu ve Güneydoğu Anadolu (Geçit Kuşu);CR (Kritik Tehlikede)
Akkuyruklu kızkuşu;Vanellus leucurus;Vanellus;Sığ tatlı su bataklıkları;İç ve Doğu Anadolu;LC (Asgari Endişe)
Kızkuşu;Vanellus vanellus;Vanellus;Çayırlar, tarım alanları, sulak alanlar;Tüm Türkiye;NT (Neredeyse Tehdit Altında)
Büyük kumkuşu;Calidris tenuirostris;Calidris;Çamur düzlükleri, sığ sahiller;Çok Nadir Rastlantısal;EN (Tehlikede)
Ak kumkuşu;Calidris alba;Calidris;Kumsallar, çamur düzlükleri;Tüm kıyılar (Geçit ve Kış);LC (Asgari Endişe)
Küçük kumkuşu;Calidris minuta;Calidris;Çamur düzlükleri, sığ sular;Tüm Türkiye (Geçit);LC (Asgari Endişe)
Aksokumlu kumkuşu;Calidris fuscicollis;Calidris;Çamur düzlükleri, bataklıklar;Türkiye için nadir rastlantısal;LC (Asgari Endişe)
Kızıl kumkuşu;Calidris ferruginea;Calidris;Çamur düzlükleri, sığ lagünler;Tüm Türkiye (Geçit);NT (Neredeyse Tehdit Altında)
Karakarınlı kumkuşu;Calidris alpina;Calidris;Çamur düzlükleri, sığ kıyılar;Tüm Türkiye (Geçit ve Kış);LC (Asgari Endişe)
Sürmeli kumkuşu;Calidris falcinellus;Calidris;Çamur düzlükleri, kıyılar;Tüm Türkiye (Nadir geçit kuşu);LC (Asgari Endişe)
Dövüşkenkuş;Calidris pugnax;Calidris;Çamur düzlükleri, sığ göller;Tüm Türkiye (Geçit kuşu);LC (Asgari Endişe)
Küçük suçulluğu;Lymnocryptes minimus;Lymnocryptes;Bataklıklar, sığ tatlı sular;Tüm Türkiye (Kış göçmeni);LC (Asgari Endişe)
Suçulluğu;Gallinago gallinago;Gallinago;Bataklıklar, ıslak çayırlar;Tüm Türkiye (Kış ve Geçit);LC (Asgari Endişe)
Büyük suçulluğu;Gallinago media;Gallinago;Bataklıklar, sulak çayırlar;Tüm Türkiye (Nadir geçit);NT (Neredeyse Tehdit Altında)
Çulluk;Scolopax rusticola;Scolopax;Nemli ormanlar, çalılıklar;Tüm Türkiye (Kışın yaygın, yerli);LC (Asgari Endişe)
Çamurçulluğu;Limosa limosa;Limosa;Bataklıklar, çamur düzlükleri;Tüm Türkiye (Geçit ve Kış);NT (Neredeyse Tehdit Altında)
Kıyı çamurçulluğu;Limosa lapponica;Limosa;Kıyı çamurlukları, lagünler;Tüm kıyılar (Geçit);NT (Neredeyse Tehdit Altında)
Sürmeli kervançulluğu;Numenius phaeopus;Numenius;Kıyılar, çamur düzlükleri;Tüm kıyılar (Geçit);LC (Asgari Endişe)
İncegagalı kervançulluğu;Numenius tenuirostris;Numenius;Geniş sulak alanlar;Eskiden Geçit (Günümüzde belirsiz/yok);CR (Kritik Tehlikede)
Kervançulluğu;Numenius arquata;Numenius;Çamur düzlükleri, bataklıklar;Tüm Türkiye (Geçit ve Kış);NT (Neredeyse Tehdit Altında)
Kara kızılbacak;Tringa erythropus;Tringa;Sığ sular, bataklıklar;Tüm Türkiye (Geçit kuşu);LC (Asgari Endişe)
Kızılbacak;Tringa totanus;Tringa;Sulak alanlar, çamur düzlükleri;Tüm Türkiye;LC (Asgari Endişe)
Bataklık düdükçünü;Tringa stagnatilis;Tringa;Sığ tatlı sular, çamurluklar;Tüm Türkiye (Geçit kuşu);LC (Asgari Endişe)
Yeşilbacak;Tringa nebularia;Tringa;Sulak alanlar, lagünler;Tüm Türkiye (Geçit kuşu);LC (Asgari Endişe)
Yeşil düdükçün;Tringa ochropus;Tringa;Tatlı su kenarları, dereler;Tüm Türkiye (Geçit ve Kış);LC (Asgari Endişe)
Orman düdükçünü;Tringa glareola;Tringa;Bataklıklar, sığ sular;Tüm Türkiye (Geçit kuşu);LC (Asgari Endişe)
Terek düdükçünü;Xenus cinereus;Xenus;Çamurluklar, lagünler;Tüm Türkiye (Nadir geçit kuşu);LC (Asgari Endişe)
Dere düdükçünü;Actitis hypoleucos;Actitis;Nehir, göl ve deniz kenarları;Tüm Türkiye;LC (Asgari Endişe)
Benekli düdükçün;Actitis macularius;Actitis;Tatlı su kenarları;Türkiye için çok nadir rastlantısal;LC (Asgari Endişe)
Taşçeviren;Arenaria interpres;Arenaria;Kayalık ve çakıllı kıyılar;Tüm kıyılar (Geçit ve Kış);LC (Asgari Endişe)
Denizdüdükçünü;Phalaropus lobatus;Phalaropus;Tuzlu göller, açık deniz;İç Anadolu, kıyılar (Geçit kuşu);LC (Asgari Endişe)
Kızıl denizdüdükçünü;Phalaropus fulicarius;Phalaropus;Açık deniz, lagünler;Tüm kıyılar (Nadir rastlantısal);LC (Asgari Endişe)
Kütkuyruklu korsanmartı;Stercorarius pomarinus;Stercorarius;Açık deniz;Tüm kıyılar (Nadir geçit kuşu);LC (Asgari Endişe)
Korsanmartı;Stercorarius parasiticus;Stercorarius;Açık deniz, kıyılar;Tüm kıyılar (Geçit ve Kış);LC (Asgari Endişe)
Uzunkuyruklu korsanmartı;Stercorarius longicaudus;Stercorarius;Açık deniz;Türkiye için çok nadir rastlantısal;LC (Asgari Endişe)
Büyük korsanmartı;Stercorarius skua;Stercorarius;Açık deniz;Tüm kıyılar (Nadir rastlantısal);LC (Asgari Endişe)
Kızıldeniz martısı;Ichthyaetus leucophthalmus;Ichthyaetus;Kıyılar, adalar;Akdeniz (Çok nadir rastlantısal);LC (Asgari Endişe)
Büyük karabaş martı;Ichthyaetus ichthyaetus;Ichthyaetus;Göller, deniz kıyıları;Tüm Türkiye (Kış göçmeni);LC (Asgari Endişe)
Akdeniz martısı;Ichthyaetus melanocephalus;Ichthyaetus;Kıyılar, lagünler, göller;Marmara, Ege, Akdeniz, İç Anadolu;LC (Asgari Endişe)
Küçük martı;Hydrocoloeus minutus;Hydrocoloeus;Göller, kıyılar;Tüm Türkiye (Geçit ve Kış);LC (Asgari Endişe)
Karabaş martı;Chroicocephalus ridibundus;Chroicocephalus;Kıyılar, göller, nehirler;Tüm Türkiye;LC (Asgari Endişe)
İncegagalı martı;Chroicocephalus genei;Chroicocephalus;Lagünler, tuzlu göller;Ege, Akdeniz, İç Anadolu;LC (Asgari Endişe)
Küçük gümüş martı;Larus canus;Larus;Kıyılar, nehir ağızları;Tüm Türkiye (Kış göçmeni);LC (Asgari Endişe)
Karasırtlı martı;Larus fuscus;Larus;Kıyılar, büyük göller;Tüm Türkiye (Geçit ve Kış);LC (Asgari Endişe)
Van gölü martısı;Larus armenicus;Larus;Dağ gölleri, adalar;Doğu ve Güneydoğu Anadolu;NT (Neredeyse Tehdit Altında)
Gümüş martı;Larus michahellis;Larus;Kıyılar, adalar, şehirler;Tüm kıyılar ve iç sular;LC (Asgari Endişe)
Kutup martısı;Larus hyperboreus;Larus;Açık deniz, kıyılar;Tüm kıyılar (Nadir kış ziyaretçisi);LC (Asgari Endişe)
Büyük karasırtlı martı;Larus marinus;Larus;Kıyılar, açık deniz;Tüm kıyılar (Nadir kış ziyaretçisi);LC (Asgari Endişe)
Karaayaklı martı;Rissa tridactyla;Rissa;Açık deniz, sarp kayalıklar;Karadeniz, Marmara (Kışın);VU (Hassas)
Gülen sumru;Gelochelidon nilotica;Gelochelidon;Sığ göller, lagünler, tarlalar;İç Anadolu, kıyı deltalar;LC (Asgari Endişe)
Hazar sumrusu;Hydroprogne caspia;Hydroprogne;Büyük göller, deniz kıyıları;Tüm Türkiye (Geçit kuşu);LC (Asgari Endişe)
Tepeli sumru;Thalasseus sandvicensis;Thalasseus;Deniz kıyıları, lagünler;Tüm kıyılar;LC (Asgari Endişe)
Karagagalı sumru;Sterna dougallii;Sterna;Açık kıyılar, adacıklar;Nadir (Tepeli sumru ile karıştırılabilir);LC (Asgari Endişe)
Sumru;Sterna hirundo;Sterna;Göller, kıyılar, nehirler;Tüm Türkiye;LC (Asgari Endişe)
Kutup sumrusu;Sterna paradisaea;Sterna;Açık deniz, kıyılar;Kıyılar (Nadir geçit kuşu);LC (Asgari Endişe)
Küçük sumru;Sternula albifrons;Sternula;Kumsallar, nehir kıyıları;Kıyılar, İç Anadolu, Göller;LC (Asgari Endişe)
Bıyıklı sumru;Chlidonias hybrida;Chlidonias;Sığ göller, tatlı su bataklıkları;Tüm Türkiye (Yaz göçmeni);LC (Asgari Endişe)
Kara sumru;Chlidonias niger;Chlidonias;Bataklıklar, sığ göller;Tüm Türkiye (Geçit ve Yaz);LC (Asgari Endişe)
Akkanatlı sumru;Chlidonias leucopterus;Chlidonias;Bataklıklar, sazlıklı göller;Tüm Türkiye (Geçit Kuşu);LC (Asgari Endişe)
Benekli bağırtlak;Pterocles senegallus;Pterocles;Çöller, kurak stepler;Güneydoğu Anadolu (Nadir);LC (Asgari Endişe)
Bağırtlak;Pterocles orientalis;Pterocles;Bozkırlar, kurak tarım alanları;İç ve Doğu Anadolu;LC (Asgari Endişe)
Kılkuyruk bağırtlak;Pterocles alchata;Pterocles;Kurak bozkırlar, stepler;Güneydoğu Anadolu;LC (Asgari Endişe)
Kaya güvercini;Columba livia;Columba;Kayalıklar, sarp vadiler, şehirler;Tüm Türkiye;LC (Asgari Endişe)
Gökçe güvercin;Columba oenas;Columba;Ormanlar, ağaçlık alanlar;Tüm Türkiye;LC (Asgari Endişe)
Tahtalı;Columba palumbus;Columba;Ormanlar, parklar, bahçeler;Tüm Türkiye;LC (Asgari Endişe)
Kumru;Streptopelia decaocto;Streptopelia;Şehirler, köyler, parklar;Tüm Türkiye;LC (Asgari Endişe)
Üveyik;Streptopelia turtur;Streptopelia;Açık ormanlar, tarım alanları;Tüm Türkiye (Yaz göçmeni);VU (Hassas)
Küçük kumru;Spilopelia senegalensis;Spilopelia;Şehirler, parklar, bahçeler;Güney, Güneydoğu ve Marmara;LC (Asgari Endişe)
Yeşil papağan;Psittacula krameri;Psittacula;Parklar, korular;Büyük şehirler (Yerleşik Kaçkın);LC (Asgari Endişe)
İskender papağanı;Psittacula eupatria;Psittacula;Büyük parklar, ağaçlıklar;Büyük şehirler (Yerleşik Kaçkın);NT (Neredeyse Tehdit Altında)
Tepeli guguk;Clamator glandarius;Clamator;Açık ormanlar, makilikler, çamlıklar;Ege, Akdeniz, Güneydoğu;LC (Asgari Endişe)
Guguk;Cuculus canorus;Cuculus;Ormanlar, çalılıklar, parklar;Tüm Türkiye (Yaz göçmeni);LC (Asgari Endişe)
Peçeli baykuş;Tyto alba;Tyto;Çiftlikler, harabeler, ahırlar;Marmara, Ege, Akdeniz, Güneydoğu;LC (Asgari Endişe)
Çizgili ishakkuşu;Otus brucei;Otus;Nehir boyu ağaçlıklar, meyvelikler;Güneydoğu Anadolu (Birecik);LC (Asgari Endişe)
İshakkuşu;Otus scops;Otus;Parklar, bahçeler, orman kenarları;Tüm Türkiye (Yaz göçmeni);LC (Asgari Endişe)
Puhu;Bubo bubo;Bubo;Kayalıklar, seyrek ormanlar;Tüm Türkiye;LC (Asgari Endişe)
Balık baykuşu;Ketupa zeylonensis;Ketupa;Nehir vadileri, tatlı su kenarları;Toroslar (Çok nadir, sınırlı alan);EN (Türkiye İçin Tehlikede)
Kukumav;Athene noctua;Athene;Açık araziler, köyler, taşlık alanlar;Tüm Türkiye;LC (Asgari Endişe)
Alaca baykuş;Strix aluco;Strix;Yaşlı ormanlar, büyük parklar;Tüm Türkiye;LC (Asgari Endişe)
Kulaklı orman baykuşu;Asio otus;Asio;İğne yapraklı ormanlar, koruluklar;Tüm Türkiye;LC (Asgari Endişe)
Kır baykuşu;Asio flammeus;Asio;Bozkırlar, sazlıklar, bataklıklar;Tüm Türkiye (Kış göçmeni);LC (Asgari Endişe)
Çobanaldatan;Caprimulgus europaeus;Caprimulgus;Açık ormanlar, makilikler, çalılar;Tüm Türkiye (Yaz göçmeni);LC (Asgari Endişe)
Ebabil;Apus apus;Apus;Şehirler, kasabalar, sarp kayalıklar;Tüm Türkiye (Yaz göçmeni);LC (Asgari Endişe)
Boz ebabil;Apus pallidus;Apus;Şehirler, kayalık kıyılar;Akdeniz, Ege, Güneydoğu;LC (Asgari Endişe)
Akkarınlı ebabil;Tachymarptis melba;Tachymarptis;Sarp kayalar, yüksek binalar;Tüm Türkiye;LC (Asgari Endişe)
Küçük ebabil;Apus affinis;Apus;Şehirler, eski binalar, kayalıklar;Güneydoğu Anadolu;LC (Asgari Endişe)
İzmir yalıçapkını;Halcyon smyrnensis;Halcyon;Nehir kıyıları, sulak tarlalar;Ege, Akdeniz, Güneydoğu;LC (Asgari Endişe)
Yalıçapkını;Alcedo atthis;Alcedo;Nehir, dere ve göl kıyıları;Tüm Türkiye;LC (Asgari Endişe)
Alaca yalıçapkını;Ceryle rudis;Ceryle;Açık nehir ve büyük göl kıyıları;Akdeniz, Güneydoğu Anadolu;LC (Asgari Endişe)
Yeşil arıkuşu;Merops persicus;Merops;Kurak alanlar, nehir boyu yarları;Güneydoğu, Doğu Anadolu;LC (Asgari Endişe)
Arıkuşu;Merops apiaster;Merops;Açık araziler, kumullar, tarlalar;Tüm Türkiye (Yaz göçmeni);LC (Asgari Endişe)
Gökkuzgun;Coracias garrulus;Coracias;Açık tarım alanları, bozkırlar;Tüm Türkiye (Yaz göçmeni);LC (Asgari Endişe)
Hint gökkuzgunu;Coracias benghalensis;Coracias;Kurak alanlar, hurmalıklar;Güneydoğu (Çok nadir rastlantısal);LC (Asgari Endişe)
İbibik;Upupa epops;Upupa;Bahçeler, meyvelikler, açık araziler;Tüm Türkiye (Yaz göçmeni);LC (Asgari Endişe)
Boyunçeviren;Jynx torquilla;Jynx;Açık ormanlar, bahçeler, parklar;Tüm Türkiye (Genelde Geçit Kuşu);LC (Asgari Endişe)
Küçük yeşil ağaçkakan;Picus canus;Picus;Karışık ormanlar, dağ ormanları;Trakya, Karadeniz (Çok nadir);LC (Asgari Endişe)
Yeşil ağaçkakan;Picus viridis;Picus;Parklar, seyrek ormanlar, bahçeler;Tüm Türkiye;LC (Asgari Endişe)
Kara ağaçkakan;Dryocopus martius;Dryocopus;Yaşlı iğne yapraklı ormanlar;Karadeniz, Marmara, Toroslar;LC (Asgari Endişe)
Orman alaca ağaçkakanı;Dendrocopos major;Dendrocopos;Her türlü ağaçlık alan ve orman;Tüm Türkiye;LC (Asgari Endişe)
Alaca ağaçkakan;Dendrocopos syriacus;Dendrocopos;Bahçeler, köyler, meyvelikler;Tüm Türkiye;LC (Asgari Endişe)
Ortanca ağaçkakan;Dendrocoptes medius;Dendrocoptes;Meşe ormanları, yapraklı ormanlar;Tüm Türkiye;LC (Asgari Endişe)
Aksırtlı ağaçkakan;Dendrocopos leucotos;Dendrocopos;Yaşlı ve doğal kayın/meşe ormanları;Karadeniz, Marmara;LC (Asgari Endişe)
Küçük ağaçkakan;Dryobates minor;Dryobates;Seyrek ağaçlıklar, nehir boyu ağaçlar;Tüm Türkiye;LC (Asgari Endişe)
Küçük çöl toygarı;Ammomanes cinctura;Ammomanes;Kumlu çöller, çok kurak alanlar;Güneydoğu Anadolu (Nadir);LC (Asgari Endişe)
Çöl toygarı;Ammomanes deserti;Ammomanes;Kayalık, kurak ve taşlık yamaçlar;Güneydoğu Anadolu;LC (Asgari Endişe)
İbibik toygarı;Alaemon alaudipes;Alaemon;Çöller, kumluk araziler;Nadir/Rastlantısal ziyaretçi;LC (Asgari Endişe)
Boğmaklı toygar;Melanocorypha calandra;Melanocorypha;Bozkırlar, ekili tarlalar;Tüm Türkiye;LC (Asgari Endişe)
Küçük boğmaklı toygar;Melanocorypha bimaculata;Melanocorypha;Kurak dağlık bozkırlar, taşlık alanlar;İç, Doğu ve Güneydoğu Anadolu;LC (Asgari Endişe)
Akkanatlı toygar;Alauda leucoptera;Alauda;Geniş bozkırlar;Çok nadir kış ziyaretçisi;LC (Asgari Endişe)
Kara toygar;Melanocorypha yeltoniensis;Melanocorypha;Kar kaplı stepler, açık alanlar;Çok nadir kış ziyaretçisi;LC (Asgari Endişe)
Bozkır toygarı;Calandrella brachydactyla;Calandrella;Açık kuru bozkırlar, tarlalar;Tüm Türkiye (Yaz göçmeni);LC (Asgari Endişe)
Türkistan çorak toygarı;Alaudala heinei;Alaudala;Kuru stepler, tuzcul alanlar;İç ve Doğu Anadolu;LC (Asgari Endişe)
Tepeli toygar;Galerida cristata;Galerida;Yol kenarları, açık araziler, köyler;Tüm Türkiye;LC (Asgari Endişe)
Orman toygarı;Lullula arborea;Lullula;Orman kenarları, açık alanlar, makiler;Tüm Türkiye;LC (Asgari Endişe)
Tarlakuşu;Alauda arvensis;Alauda;Tarlalar, açık araziler, meralar;Tüm Türkiye;LC (Asgari Endişe)
Kulaklı toygar;Eremophila alpestris;Eremophila;Yüksek dağ stepleri, çıplak alanlar;Tüm Türkiye (Dağlık bölgeler);LC (Asgari Endişe)
Kum kırlangıcı;Riparia riparia;Riparia;Nehir kenarları, kumul yarları;Tüm Türkiye (Yaz göçmeni);LC (Asgari Endişe)
Kaya kırlangıcı;Ptyonoprogne rupestris;Ptyonoprogne;Sarp kayalıklar, dağlar;Tüm Türkiye;LC (Asgari Endişe)
Kır kırlangıcı;Hirundo rustica;Hirundo;Köyler, tarım alanları, çiftlikler;Tüm Türkiye (Yaz göçmeni);LC (Asgari Endişe)
Kızıl kırlangıç;Cecropis daurica;Cecropis;Köprüler, kayalıklar, vadiler;Tüm Türkiye (Yaz göçmeni);LC (Asgari Endişe)
Ev kırlangıcı;Delichon urbicum;Delichon;Şehirler, köyler, kayalık alanlar;Tüm Türkiye (Yaz göçmeni);LC (Asgari Endişe)
Kır incirkuşu;Anthus campestris;Anthus;Kuru bozkırlar, taşlık alanlar;Tüm Türkiye (Yaz göçmeni);LC (Asgari Endişe)
Yeşilsırtlı incirkuşu;Anthus hodgsoni;Anthus;Ağaçlıklar, tayga (Üreme);Rastlantısal;LC (Asgari Endişe)
Ağaç incirkuşu;Anthus trivialis;Anthus;Orman kenarları, ağaçlıklar;Tüm Türkiye (Yaz, Geçit);LC (Asgari Endişe)
Çayır incirkuşu;Anthus pratensis;Anthus;Nemli çayırlar, sulak alanlar, ovalar;Tüm Türkiye (Kış göçmeni);NT (Neredeyse Tehdit Altında)
Kızılgerdanlı incirkuşu;Anthus cervinus;Anthus;Sulak çayırlar, tundralar;Tüm Türkiye (Geçit kuşu);LC (Asgari Endişe)
Dağ incirkuşu;Anthus spinoletta;Anthus;Yüksek dağ çayırları;Tüm Türkiye (Yerli ve Kışlık);LC (Asgari Endişe)
Sarı kuyruksallayan;Motacilla flava;Motacilla;Islak çayırlar, sulak alan kenarları;Tüm Türkiye (Yaz göçmeni);LC (Asgari Endişe)
Sarıbaşlı kuyruksallayan;Motacilla citreola;Motacilla;Bataklıklar, sazlık kenarları;İç ve Doğu Anadolu (Nadir);LC (Asgari Endişe)
Dağ kuyruksallayanı;Motacilla cinerea;Motacilla;Hızlı akan dereler, dağ suları;Tüm Türkiye;LC (Asgari Endişe)
Ak kuyruksallayan;Motacilla alba;Motacilla;Su kenarları, açık alanlar, şehirler;Tüm Türkiye;LC (Asgari Endişe)
Arapbülbülü;Pycnonotus xanthopygos;Pycnonotus;Bahçeler, makiler, hurmalıklar;Akdeniz, Güneydoğu;LC (Asgari Endişe)
İpekkuýruk;Bombycilla garrulus;Bombycilla;Meyve ağaçları, parklar;Kuzey bölgeler (Nadir kışlık);LC (Asgari Endişe)
Hurmayiyen;Hypocolius ampelinus;Hypocolius;Çalılıklar, nehir boyu ağaçları;Güneydoğu (Çok nadir);LC (Asgari Endişe)
Derekuşu;Cinclus cinclus;Cinclus;Temiz, hızlı akan dereler;Dağlık bölgeler (Tüm Türkiye);LC (Asgari Endişe)
Çıtkuşu;Troglodytes troglodytes;Troglodytes;Nemli ormanlar, çalılar, parklar;Tüm Türkiye;LC (Asgari Endişe)
Dağbülbülü;Prunella collaris;Prunella;Yüksek dağlar, kayalıklar;Tüm dağlık bölgeler;LC (Asgari Endişe)
Büyük dağbülbülü;Prunella montanella;Prunella;Taygalar, dağ ormanları;Nadir rastlantısal;LC (Asgari Endişe)
Çalıbülbülü;Prunella modularis;Prunella;Orman altı bitki örtüsü, parklar;Tüm Türkiye;LC (Asgari Endişe)
Kızılgerdan;Erithacus rubecula;Erithacus;Ormanlar, parklar, bahçeler;Tüm Türkiye;LC (Asgari Endişe)
Benekli bülbül;Luscinia luscinia;Luscinia;Nemli çalılıklar, nehir boyları;Karadeniz, Marmara (Geçit);LC (Asgari Endişe)
Bülbül;Luscinia megarhynchos;Luscinia;Orman altı, bahçeler, çalılıklar;Tüm Türkiye (Yaz göçmeni);LC (Asgari Endişe)
Mavigerdan;Luscinia svecica;Luscinia;Sazlıklar, sulak alan çalılıkları;Tüm Türkiye (Geçit ve Kış);LC (Asgari Endişe)
Taşbülbülü;Irania gutturalis;Irania;Kuru kayalık yamaçlar, makilikler;İç, Doğu, Güneydoğu Anadolu;LC (Asgari Endişe)
Kara kızılkuyruk;Phoenicurus ochruros;Phoenicurus;Kayalıklar, köyler, bina çatıları;Tüm Türkiye;LC (Asgari Endişe)
Kızılkuyruk;Phoenicurus phoenicurus;Phoenicurus;Ormanlar, parklar, bahçeler;Tüm Türkiye (Yaz göçmeni);LC (Asgari Endişe)
Çayır taşkuşu;Saxicola rubetra;Saxicola;Otlaklar, çalılıklı çayırlar;Tüm Türkiye (Geçit kuşu);LC (Asgari Endişe)
Taşkuşu;Saxicola rubicola;Saxicola;Çalılıklar, açık araziler, bozkırlar;Tüm Türkiye;LC (Asgari Endişe)
Boz kuyrukkakan;Oenanthe isabellina;Oenanthe;Kuru bozkırlar, meralar;Tüm Türkiye (Yaz göçmeni);LC (Asgari Endişe)
Kuyrukkakan;Oenanthe oenanthe;Oenanthe;Kayalıklar, açık bozkırlar;Tüm Türkiye (Yaz göçmeni);LC (Asgari Endişe)
Alaca kuyrukkakan;Oenanthe pleschanka;Oenanthe;Kayalık ve kurak alanlar;Geçit ve Doğu (Nadir);LC (Asgari Endişe)
Kıbrıs kuyrukkakanı;Oenanthe cypriaca;Oenanthe;Seyrek ağaçlık, açık ve kayalık alan;Akdeniz (Geçit kuşu);LC (Asgari Endişe)
Karakulaklı kuyrukkakan;Oenanthe hispanica;Oenanthe;Kayalıklar, makilikler, taşlık yamaç;Ege, Akdeniz, İç Anadolu;LC (Asgari Endişe)
Çöl kuyrukkakanı;Oenanthe deserti;Oenanthe;Kurak alanlar, kumullar;Doğu ve Güneydoğu (Nadir);LC (Asgari Endişe)
Kızılca kuyrukkakan;Oenanthe xanthoprymna;Oenanthe;Kayalık yamaçlar, sarp vadiler;Güneydoğu ve Doğu Anadolu;LC (Asgari Endişe)
Karasırtlı kuyrukkakan;Oenanthe finschii;Oenanthe;Kayalık bozkırlar, çorak alanlar;İç, Doğu ve Güneydoğu Anadolu;LC (Asgari Endişe)
Aktepeli kuyrukkakan;Oenanthe leucopyga;Oenanthe;Çöller, kurak kayalıklar;Çok nadir/Rastlantısal ziyaretçi;LC (Asgari Endişe)
Taşkızılı;Monticola saxatilis;Monticola;Yüksek kayalıklar, dağlar;Tüm Türkiye (Yaz göçmeni);LC (Asgari Endişe)
Gökardıç;Monticola solitarius;Monticola;Kayalık vadiler, harabeler;Tüm Türkiye;LC (Asgari Endişe)
Boğmaklı ardıç;Turdus torquatus;Turdus;Yüksek dağ ormanları, kayalıklar;Karadeniz, Doğu Anadolu;LC (Asgari Endişe)
Karatavuk;Turdus merula;Turdus;Ormanlar, parklar, bahçeler;Tüm Türkiye;LC (Asgari Endişe)
Tarla ardıcı;Turdus pilaris;Turdus;Orman kenarları, parklar;Kış ziyaretçisi (Tüm Türkiye);LC (Asgari Endişe)
Öter ardıç;Turdus philomelos;Turdus;Ormanlar, çalılıklar, parklar;Tüm Türkiye;LC (Asgari Endişe)
Kızıl ardıç;Turdus iliacus;Turdus;Ormanlar, parklar, tarlalar;Kış ziyaretçisi (Tüm Türkiye);NT (Neredeyse Tehdit Altında)
Ökse ardıcı;Turdus viscivorus;Turdus;Seyrek ormanlar, dağlık parklar;Tüm Türkiye;LC (Asgari Endişe)
Yelpazekuyruk;Cisticola juncidis;Cisticola;Uzun otlaklar, sulak alan kenarları;Ege, Akdeniz, Marmara;LC (Asgari Endişe)
Dikkuyruklu ötlegen;Prinia gracilis;Prinia;Çalılıklar, tarım alanları, ılgınlar;Akdeniz, Güneydoğu Anadolu;LC (Asgari Endişe)
Çekirge kamışçını;Locustella naevia;Locustella;Sazlıklar, nemli çayırlar;Karadeniz (Yaz göçmeni);LC (Asgari Endişe)
Ağaç kamışçını;Locustella fluviatilis;Locustella;Nehir kenarı ormanları;Tüm Türkiye (Geçit kuşu);LC (Asgari Endişe)
Bıyıklı kamışçın;Acrocephalus melanopogon;Acrocephalus;Sazlıklar, bataklıklar, göl kenarları;Tüm Türkiye;LC (Asgari Endişe)
Sarı kamışçın;Acrocephalus paludicola;Acrocephalus;Sazlıklar, geniş bataklıklar;Nadir geçit kuşu;VU (Hassas)
Kındıra kamışçını;Acrocephalus schoenobaenus;Acrocephalus;Sazlıklar, bataklıklar, nehirler;Tüm Türkiye (Geçit ve Yaz);LC (Asgari Endişe)
Doğu kamışçını;Acrocephalus agricola;Acrocephalus;Sazlıklar, tatlı su kenarları;Nadir geçit kuşu;LC (Asgari Endişe)
Çalı kamışçını;Acrocephalus dumetorum;Acrocephalus;Çalılıklar, nemli orman kenarları;Nadir geçit kuşu;LC (Asgari Endişe)
Saz kamışçını;Acrocephalus scirpaceus;Acrocephalus;Sazlıklar, göl kenarları;Tüm Türkiye (Yaz göçmeni);LC (Asgari Endişe)
Büyük kamışçın;Acrocephalus arundinaceus;Acrocephalus;Yüksek sazlıklar, tatlı su kıyıları;Tüm Türkiye (Yaz göçmeni);LC (Asgari Endişe)
Ak mukallit;Iduna pallida;Iduna;Bahçeler, çalılıklar, nehir boyları;Tüm Türkiye (Yaz göçmeni);LC (Asgari Endişe)
Küçük mukallit;Iduna caligata;Iduna;Çalılıklar, bozkırlar;Çok nadir rastlantısal;LC (Asgari Endişe)
Zeytin mukallidi;Hippolais olivetorum;Hippolais;Makilikler, zeytinlikler, meşelikler;Ege, Akdeniz (Yaz göçmeni);LC (Asgari Endişe)
Sarı mukallit;Hippolais icterina;Hippolais;Orman kenarları, parklar;Geçit kuşu (Özellikle Batı ve Kuzey);LC (Asgari Endişe)
Şarkıcı mukallit;Hippolais polyglotta;Hippolais;Çalılıklar, seyrek ağaçlıklar;Çok nadir rastlantısal;LC (Asgari Endişe)
Bozkır ötlegeni;Curruca conspicillata;Curruca;Makilikler, alçak çalılı bozkırlar;Akdeniz, Güneydoğu Anadolu;LC (Asgari Endişe)
Bıyıklı ötlegen;Curruca cantillans;Curruca;Makilikler, meşelikler;Ege, Akdeniz, Marmara;LC (Asgari Endişe)
Pembegöğüslü ötlegen;Curruca mystacea;Curruca;Ilgınlıklar, bozkır çalılıkları;Güneydoğu, Doğu Anadolu;LC (Asgari Endişe)
Maskeli ötlegen;Curruca melanocephala;Curruca;Makilikler, çalılıklar, bahçeler;Ege, Akdeniz;LC (Asgari Endişe)
Kıbrıs ötlegeni;Curruca melanothorax;Curruca;Makiler, kurak yamaçlar;Akdeniz kıyıları (Kışın/Nadir);LC (Asgari Endişe)
Çöl ötlegeni;Curruca nana;Curruca;Çöller, kurak çalılıklar;Nadir rastlantısal;LC (Asgari Endişe)
Akgözlü ötlegen;Curruca crassirostris;Curruca;Seyrek ağaçlıklar, makiler, meşeler;Tüm Türkiye (Yaz göçmeni);LC (Asgari Endişe)
Çizgili ötlegen;Curruca nisoria;Curruca;Çalılıklar, orman açıklıkları;Tüm Türkiye (Geçit kuşu);LC (Asgari Endişe)
Küçük akgerdanlı ötlegen;Curruca curruca;Curruca;Çalılıklar, çitler, orman kenarları;Tüm Türkiye (Yaz göçmeni);LC (Asgari Endişe)
Akgerdanlı ötlegen;Curruca communis;Curruca;Çalılıklar, tarım alanları, açıklar;Tüm Türkiye (Yaz göçmeni);LC (Asgari Endişe)
Boz ötlegen;Sylvia borin;Sylvia;Ormanlık ve çalılık alanlar, parklar;Tüm Türkiye (Geçit kuşu);LC (Asgari Endişe)
Karabaşlı ötlegen;Sylvia atricapilla;Sylvia;Ormanlar, parklar, bahçeler;Tüm Türkiye;LC (Asgari Endişe)
Yeşilimsi çıvgın;Phylloscopus trochiloides;Phylloscopus;Dağ ormanları, ağaçlıklar;Çok nadir rastlantısal;LC (Asgari Endişe)
Yeşil çıvgın;Phylloscopus nitidus;Phylloscopus;Sarp dağ ormanları;Doğu Karadeniz, Kuzeydoğu (Yaz);LC (Asgari Endişe)
Kuzey çıvgını;Phylloscopus borealis;Phylloscopus;Taygalar, ormanlıklar;Çok nadir rastlantısal;LC (Asgari Endişe)
Sarıkaşlı çıvgın;Phylloscopus inornatus;Phylloscopus;Ağaçlık alanlar;Nadir geçit kuşu;LC (Asgari Endişe)
Orman çıvgını;Phylloscopus sibilatrix;Phylloscopus;Kayın ve meşe ormanları;Tüm Türkiye (Geçit kuşu);LC (Asgari Endişe)
Kafkas çıvgını;Phylloscopus lorenzii;Phylloscopus;Dağlardaki çalılıklar ve çamlar;Doğu Karadeniz, Doğu Anadolu;LC (Asgari Endişe)
Çıvgın;Phylloscopus collybita;Phylloscopus;Ormanlar, çalılıklar, şehir parkları;Tüm Türkiye;LC (Asgari Endişe)
Söğütbülbülü;Phylloscopus trochilus;Phylloscopus;Orman kenarları, çalılıklar;Tüm Türkiye (Geçit kuşu);LC (Asgari Endişe)
Çalıkuşu;Regulus regulus;Regulus;İğne yapraklı ormanlar, çamlıklar;Tüm Türkiye (Özellikle kışın yaygın);LC (Asgari Endişe)
Sürmeli çalıkuşu;Regulus ignicapilla;Regulus;Karışık ormanlar, meşelikler;Marmara, Karadeniz, Ege, Akdeniz;LC (Asgari Endişe)
Benekli sinekkapan;Muscicapa striata;Muscicapa;Orman kenarları, parklar, bahçeler;Tüm Türkiye (Yaz göçmeni);LC (Asgari Endişe)
Küçük sinekkapan;Ficedula parva;Ficedula;Yaşlı ormanlar, parklar;Tüm Türkiye (Geçit kuşu);LC (Asgari Endişe)
Alaca sinekkapan;Ficedula semitorquata;Ficedula;Meşe ve yapraklı ormanlar;Marmara, Karadeniz, İç Anadolu;LC (Asgari Endişe)
Halkalı sinekkapan;Ficedula albicollis;Ficedula;Yaprak döken ormanlar;Tüm Türkiye (Geçit kuşu);LC (Asgari Endişe)
Kara sinekkapan;Ficedula hypoleuca;Ficedula;Açık ormanlar, meyvelikler, parklar;Tüm Türkiye (Geçit kuşu);LC (Asgari Endişe)
Bıyıklı baştankara;Panurus biarmicus;Panurus;Büyük sazlıklar, sulak alanlar;Marmara, İç ve Doğu Anadolu;LC (Asgari Endişe)
Uzunkuyruklu baştankara;Aegithalos caudatus;Aegithalos;Ormanlar, çalılıklar, parklar;Tüm Türkiye;LC (Asgari Endişe)
Kayın baştankarası;Poecile palustris;Poecile;Yapraklı ormanlar (Kayın/Meşe);Marmara, Karadeniz;LC (Asgari Endişe)
Akyanaklı baştankara;Poecile lugubris;Poecile;Kayalık yamaçlar, makiler, meşelikler;Tüm Türkiye (Kıyı ve Güney ağırlıklı);LC (Asgari Endişe)
Çam baştankarası;Periparus ater;Periparus;İğne yapraklı ormanlar (Çam/Göknar);Tüm Türkiye;LC (Asgari Endişe)
Mavi baştankara;Cyanistes caeruleus;Cyanistes;Ormanlar, parklar, bahçeler;Tüm Türkiye;LC (Asgari Endişe)
Büyük baştankara;Parus major;Parus;Ormanlar, şehirler, parklar;Tüm Türkiye;LC (Asgari Endişe)
Sıvacı;Sitta europaea;Sitta;Yaşlı yapraklı ormanlar, parklar;Tüm Türkiye;LC (Asgari Endişe)
Büyük kaya sıvacısı;Sitta tephronota;Sitta;Sarp kayalıklar, derin vadiler;Güneydoğu ve Doğu Anadolu;LC (Asgari Endişe)
Kaya sıvacısı;Sitta neumayer;Sitta;Kayalık ve taşlık yamaçlar;Tüm Türkiye;LC (Asgari Endişe)
Duvar tırmaşıkkuşu;Tichodroma muraria;Tichodroma;Sarp dağ kayalıkları, uçurumlar;Dağlık bölgeler (Tüm Türkiye);LC (Asgari Endişe)
Orman tırmaşıkkuşu;Certhia familiaris;Certhia;Yüksek iğne yapraklı ormanlar;Karadeniz, Doğu Anadolu, Toroslar;LC (Asgari Endişe)
Bahçe tırmaşıkkuşu;Certhia brachydactyla;Certhia;Geniş yapraklı ormanlar, parklar;Batı ve Güney Türkiye;LC (Asgari Endişe)
Çulhakuşu;Remiz pendulinus;Remiz;Sazlıklar, nehir kenarı ağaçları;Tüm Türkiye;LC (Asgari Endişe)
Sarıasma;Oriolus oriolus;Oriolus;Kavaklıklar, yapraklı ormanlar;Tüm Türkiye (Yaz göçmeni);LC (Asgari Endişe)
Kızılkuyruklu örümcekkuşu;Lanius isabellinus;Lanius;Çalılıklı bozkırlar, stepler;Nadir rastlantısal ziyaretçi;LC (Asgari Endişe)
Kızılsırtlı örümcekkuşu;Lanius collurio;Lanius;Çalılıklı açık alanlar, orman kenarı;Tüm Türkiye (Yaz göçmeni);LC (Asgari Endişe)
Uzunkuyruklu örümcekkuşu;Lanius schach;Lanius;Çalılıklar, tarım alanları;Çok nadir rastlantısal;LC (Asgari Endişe)
Karaalınlı örümcekkuşu;Lanius minor;Lanius;Açık tarım alanları, telefon telleri;Tüm Türkiye (Yaz göçmeni);LC (Asgari Endişe)
Büyük örümcekkuşu;Lanius excubitor;Lanius;Bozkırlar, yarı çöller, çalılıklar;Kış ziyaretçisi (Doğu ve İç bölgeler);LC (Asgari Endişe)
Kızılbaşlı örümcekkuşu;Lanius senator;Lanius;Seyrek ağaçlı açıklar, zeytinlikler;Batı, Güney ve Güneydoğu;LC (Asgari Endişe)
Maskeli örümcekkuşu;Lanius nubicus;Lanius;Açık ormanlar, makilikler, çalılıklar;Ege, Akdeniz, Güneydoğu (Yaz);LC (Asgari Endişe)
Alakarga;Garrulus glandarius;Garrulus;Ormanlar, büyük parklar, meşelikler;Tüm Türkiye;LC (Asgari Endişe)
Saksağan;Pica pica;Pica;Tarım alanları, köyler, şehir kenarı;Tüm Türkiye;LC (Asgari Endişe)
Göknar kargası;Nucifraga caryocatactes;Nucifraga;İğne yapraklı (Göknar) ormanları;Nadir Kış ziyaretçisi (Karadeniz);LC (Asgari Endişe)
Sarıgagalı dağ kargası;Pyrrhocorax graculus;Pyrrhocorax;Yüksek dağlar, sarp kayalıklar;Tüm dağlık bölgeler;LC (Asgari Endişe)
Kırmızıgagalı dağ kargası;Pyrrhocorax pyrrhocorax;Pyrrhocorax;Kayalık vadiler, sarp dağ yamaçları;Tüm dağlık bölgeler;LC (Asgari Endişe)
Küçük karga;Corvus monedula;Corvus;Şehirler, kayalıklar, eski kaleler;Tüm Türkiye;LC (Asgari Endişe)
Ekin kargası;Corvus frugilegus;Corvus;Tarım alanları, uzun ağaçlıklar;Tüm Türkiye;LC (Asgari Endişe)
Leş kargası;Corvus cornix;Corvus;Şehirler, köyler, orman kenarları;Tüm Türkiye;LC (Asgari Endişe)
Çöl kuzgunu;Corvus ruficollis;Corvus;Çöller, kurak bozkırlar;Güneydoğu Anadolu (Birecik çevresi);LC (Asgari Endişe)
Kuzgun;Corvus corax;Corvus;Ormanlar, dağlar, sarp uçurumlar;Tüm Türkiye;LC (Asgari Endişe)
Sığırcık;Sturnus vulgaris;Sturnus;Tarım alanları, şehirler, köyler;Tüm Türkiye;LC (Asgari Endişe)
Alasığırcık;Pastor roseus;Pastor;Bozkırlar, tarlalar, kayalık araziler;Doğu ve Güneydoğu (Yaz göçmeni);LC (Asgari Endişe)
Çiğdeci;Acridotheres tristis;Acridotheres;Şehirler, parklar;Yerleşik Kaçkın (Sınırlı alanlarda);LC (Asgari Endişe)
Serçe;Passer domesticus;Passer;Şehirler, köyler, insan yerleşimleri;Tüm Türkiye;LC (Asgari Endişe)
Söğüt serçesi;Passer hispaniolensis;Passer;Tarım alanları, nehir boyu ağaçları;Batı, Güney ve Güneydoğu;LC (Asgari Endişe)
Küçük serçe;Passer moabiticus;Passer;Ilgınlıklar, nehir kenarı çalılıkları;Güneydoğu Anadolu (Fırat boyu);LC (Asgari Endişe)
Ağaç serçesi;Passer montanus;Passer;Köyler, tarım alanları, orman kenarı;Tüm Türkiye;LC (Asgari Endişe)
Boz serçe;Carpospiza brachydactyla;Carpospiza;Kuru kayalık tepeler, çorak yamaçlar;Doğu ve Güneydoğu Anadolu;LC (Asgari Endişe)
Sarıboğazlı serçe;Gymnoris xanthocollis;Gymnoris;Seyrek ağaçlık kurak alanlar;Güneydoğu Anadolu;LC (Asgari Endişe)
Kaya serçesi;Petronia petronia;Petronia;Kayalık yamaçlar, eski yapılar;Tüm Türkiye;LC (Asgari Endişe)
Kar serçesi;Montifringilla nivalis;Montifringilla;Yüksek dağ zirveleri, alpin çayırlar;Tüm dağlık bölgeler;LC (Asgari Endişe)
İspinoz;Fringilla coelebs;Fringilla;Ormanlar, parklar, bahçeler;Tüm Türkiye;LC (Asgari Endişe)
Dağ ispinozu;Fringilla montifringilla;Fringilla;Ormanlar, ağaçlıklar;Tüm Türkiye (Kış göçmeni);LC (Asgari Endişe)
Kara iskete;Serinus pusillus;Serinus;Yüksek dağlık kayalıklar, ardıçlıklar;Dağlık bölgeler (Tüm Türkiye);LC (Asgari Endişe)
Küçük iskete;Serinus serinus;Serinus;Orman kenarları, parklar, bahçeler;Tüm Türkiye;LC (Asgari Endişe)
Florya;Chloris chloris;Chloris;Ormanlar, ağaçlıklar, parklar;Tüm Türkiye;LC (Asgari Endişe)
Saka;Carduelis carduelis;Carduelis;Açık ağaçlıklar, dikenli çayırlar;Tüm Türkiye;LC (Asgari Endişe)
Karabaşlı iskete;Spinus spinus;Spinus;İğne yapraklı ormanlar (öz. kışın);Tüm Türkiye (Kış göçmeni);LC (Asgari Endişe)
Ketenkuşu;Linaria cannabina;Linaria;Çalılıklı açık alanlar, bozkırlar;Tüm Türkiye;LC (Asgari Endişe)
Sarıgagalı ketenkuşu;Linaria flavirostris;Linaria;Dağlık bozkırlar, taşlık alanlar;Doğu Karadeniz, Doğu Anadolu;LC (Asgari Endişe)
Huş isketesi;Acanthis flammea;Acanthis;Huş ve sögüt ağaçlıkları;Çok nadir kış ziyaretçisi;LC (Asgari Endişe)
Çaprazgaga;Loxia curvirostra;Loxia;İğne yapraklı (öz. çam) ormanları;Tüm Türkiye (Ormanlık alanlar);LC (Asgari Endişe)
Alamecek;Rhodopechys sanguineus;Rhodopechys;Dağlık bozkırlar, sarp kayalıklar;İç, Doğu ve Güneydoğu Anadolu;LC (Asgari Endişe)
Boz alamecek;Bucanetes githagineus;Bucanetes;Çöller, kurak kayalık yamaçlar;Güneydoğu Anadolu (Nadir);LC (Asgari Endişe)
Doğu alameceği;Bucanetes mongolicus;Bucanetes;Kurak dağlık alanlar;Doğu Anadolu (Çok nadir);LC (Asgari Endişe)
Küçük alamecek;Rhodospiza obsoleta;Rhodospiza;Kurak alanlardaki meyvelikler;Güneydoğu Anadolu;LC (Asgari Endişe)
Çütre;Carpodacus erythrinus;Carpodacus;Nemli çalılıklar, nehir kenarları;Karadeniz, Doğu Anadolu (Yaz);LC (Asgari Endişe)
Şakrak;Pyrrhula pyrrhula;Pyrrhula;İğne ve karışık yapraklı ormanlar;Karadeniz, Marmara;LC (Asgari Endişe)
Kocabaş;Coccothraustes coccothraustes;Coccothraustes;Karışık ormanlar, büyük parklar;Tüm Türkiye;LC (Asgari Endişe)
Alaca kirazkuşu;Plectrophenax nivalis;Plectrophenax;Karlı açık araziler, kıyılar;Nadir kış ziyaretçisi;LC (Asgari Endişe)
Akbaşlı kirazkuşu;Emberiza leucocephalos;Emberiza;Çam ormanı kenarları, bozkırlar;Çok nadir kış ziyaretçisi;LC (Asgari Endişe)
Sarı kirazkuşu;Emberiza citrinella;Emberiza;Orman açıklıkları, çalılıklar;Karadeniz, Marmara;LC (Asgari Endişe)
Bahçe kirazkuşu;Emberiza cirlus;Emberiza;Makilikler, bahçeler, orman kenarı;Batı ve Güney Türkiye;LC (Asgari Endişe)
Kaya kirazkuşu;Emberiza cia;Emberiza;Dağlık kayalık yamaçlar;Tüm Türkiye;LC (Asgari Endişe)
Boz kirazkuşu;Emberiza cineracea;Emberiza;Kuru yamaçlar, seyrek çamlıklar;Ege, Güneydoğu, Doğu Anadolu;NT (Neredeyse Tehdit Altında)
Kirazkuşu;Emberiza hortulana;Emberiza;Seyrek ağaçlı açık araziler;Tüm Türkiye (Yaz göçmeni);LC (Asgari Endişe)
Doğu kirazkuşu;Emberiza buchanani;Emberiza;Kurak taşlık dağ yamaçları;Doğu Anadolu;LC (Asgari Endişe)
Akkaşlı kirazkuşu;Emberiza rustica;Emberiza;Nemli iğne yapraklı ormanlar;Türkiye için rastlantısal;VU (Hassas)
Küçük kirazkuşu;Emberiza pusilla;Emberiza;Tayga ve bataklık kenarları;Çok nadir kış ziyaretçisi;LC (Asgari Endişe)
Bataklık Kirazkuşu;Emberiza schoeniclus;Emberiza;Sazlıklar, bataklıklar;Tüm Türkiye;LC (Asgari Endişe)
Karabaşlı kirazkuşu;Emberiza melanocephala;Emberiza;Çalılıklı tarlalar, zeytinlikler;Tüm Türkiye (Yaz göçmeni);LC (Asgari Endişe)
Tarla kirazkuşu;Emberiza calandra;Emberiza;Açık tarım alanları, bozkırlar;Tüm Türkiye;LC (Asgari Endişe)
Boz yelkovan;Calonectris diomedea;Calonectris;Açık deniz, adalar;Akdeniz, Ege;LC (Asgari Endişe)
Küçük kuğu;Cygnus columbianus;Cygnus;Tundralar, sığ göller;Marmara, Karadeniz (Nadir Kış);LC (Asgari Endişe)
Çayır delicesi;Circus pygargus;Circus;Geniş sazlıklar, bozkırlar;Tüm Türkiye (Geçit/Yaz);LC (Asgari Endişe)
Tavşancıl;Aquila fasciata;Aquila;Sarp kayalıklar, kuru dağlar;Ege, Akdeniz, Güneydoğu;LC (Asgari Endişe)
Ada doğanı;Falco eleonorae;Falco;Deniz uçurumları, ıssız adalar;Akdeniz, Ege;LC (Asgari Endişe)
Küçük suyelvesi;Zapornia pusilla;Zapornia;Sığ bataklıklar, sazlıklar;Çok nadir geçit kuşu;LC (Asgari Endişe)
Sarıbacaklı kumkuşu;Calidris melanotos;Calidris;Çamur düzlükleri, sığ bataklık;Türkiye için rastlantısal;LC (Asgari Endişe)
Büyük denizdüdükçünü;Phalaropus tricolor;Phalaropus;Tuzlu ve tatlı su sığlıkları;Türkiye için rastlantısal;LC (Asgari Endişe)
Ada martısı;Ichthyaetus audouinii;Ichthyaetus;Kayalık kıyılar, ıssız adalar;Akdeniz, Ege kıyıları;VU (Hassas)
Paçalı bağırtlak;Syrrhaptes paradoxus;Syrrhaptes;Bozkırlar, yarı çöller;Eski kayıtlar/Çok nadir;LC (Asgari Endişe)
Paçalı baykuş;Aegolius funereus;Aegolius;Yoğun iğne yapraklı dağ ormanları;Doğu Karadeniz;LC (Asgari Endişe)
Mahmuzlu incirkuşu;Anthus richardi;Anthus;Uzun otlaklar, nemli tarlalar;Nadir geçit/kış ziyaretçisi;LC (Asgari Endişe)
Sürmeli dağbülbülü;Prunella ocularis;Prunella;Yüksek dağlardaki bodur çalılar;Doğu, İç Anadolu, Toroslar;LC (Asgari Endişe)
Aksırtlı kuyrukkakan;Oenanthe finschii;Oenanthe;Kayalık, kuru bozkırlar;İç ve Doğu bölgeler;LC (Asgari Endişe)
Kamışbülbülü;Cettia cetti;Cettia;Su kenarı çalılıkları, böğürtlenler;Tüm Türkiye;LC (Asgari Endişe)
Bataklık kamışçını;Acrocephalus palustris;Acrocephalus;Sazlıklar, su kenarı otlaklar;Tüm Türkiye (Yaz göçmeni);LC (Asgari Endişe)
Kuzey kamışçını;Acrocephalus dumetorum;Acrocephalus;Çalılıklar, nemli ağaçlıklar;Çok nadir geçit kuşu;LC (Asgari Endişe)
Dağ mukallidi;Iduna languida;Iduna;Kurak çalılıklar, meşelikler;Güneydoğu, Doğu Akdeniz;LC (Asgari Endişe)
Karaboğazlı ötlegen;Curruca ruppeli;Curruca;Makilikler, kayalık kurak alanlar;Ege, Akdeniz;LC (Asgari Endişe)
Akkaşlı çıvgın;Phylloscopus humei;Phylloscopus;Dağ ormanları;Çok nadir rastlantısal;LC (Asgari Endişe)
Boz çıvgın;Phylloscopus sindianus;Phylloscopus;Dağlık nehir kenarı söğütleri;Doğu Anadolu, Kafkaslar;LC (Asgari Endişe)
Anadolu sıvacısı;Sitta krueperi;Sitta;Kızılçam ve karaçam ormanları;Batı, Güney, Kuzey Türkiye (Endemik);NT (Neredeyse Tehdit Altında)
Kızıl kirazkuşu;Emberiza rustica;Emberiza;Bataklık ormanlar;Türkiye için rastlantısal;VU (Hassas)
Küçük flamingo;Phoeniconaias minor;Phoeniconaias;Tuzlu ve acı göller;Türkiye için rastlantısal;NT (Neredeyse Tehdit Altında)
Çizgili kumkuşu;Calidris acuminata;Calidris;Çamur düzlükleri, bataklıklar;Türkiye için rastlantısal;LC (Asgari Endişe)
Küçük sarıbacak;Tringa flavipes;Tringa;Sığ sulak alanlar;Türkiye için rastlantısal;LC (Asgari Endişe)
Hazar martısı;Larus cachinnans;Larus;Kıyılar, büyük göller, nehirler;Tüm Türkiye (Öz. İç ve Doğu);LC (Asgari Endişe)
Kap kumrusu;Oena capensis;Oena;Çöller, akasya savanları;Türkiye için rastlantısal;LC (Asgari Endişe)
Sibirya dağbülbülü;Prunella montanella;Prunella;Dağ taygaları, nehir kıyıları;Türkiye için rastlantısal;LC (Asgari Endişe)
Karakuyruk;Oenanthe melanura;Oenanthe;Çöller, kurak kayalık yamaçlar;Türkiye için rastlantısal;LC (Asgari Endişe)
Sibirya taşkuşu;Saxicola maurus;Saxicola;Bozkırlar, sazlık kenarları;Geçit ve nadir kışlık;LC (Asgari Endişe)
Karagerdanlı ardıç;Turdus atrogularis;Turdus;Dağ ormanları, parklar;Nadir kış ziyaretçisi;LC (Asgari Endişe)
Irak yedikardeşi;Turdoides altirostris;Turdoides;Sazlıklar, nehir boyu bataklıklar;Güneydoğu Anadolu (Dicle Vadisi);LC (Asgari Endişe)
Kısakuyruklu kuzgun;Corvus rhipidurus;Corvus;Kurak dağlar, kayalık çöller;Türkiye için rastlantısal;LC (Asgari Endişe)
Mahmuzlu kirazkuşu;Calcarius lapponicus;Calcarius;Tundralar, açık bozkırlar (Kışın);Çok nadir kış ziyaretçisi;LC (Asgari Endişe)
Pasifik incirkuşu;Anthus rubescens;Anthus;Kıyılar, çamur düzlükleri;Türkiye için rastlantısal;LC (Asgari Endişe)
Kutsal aynak;Threskiornis aethiopicus;Threskiornis;Sulak alanlar, lagünler;Rastlantısal / Kaçkın;LC (Asgari Endişe)
Büyük üveyik;Streptopelia orientalis;Streptopelia;Orman kenarları, tarım alanları;Türkiye için rastlantısal;LC (Asgari Endişe)
Küçük pelikan;Pelecanus rufescens;Pelecanus;Sığ göller, mangrovlar;Türkiye için rastlantısal;LC (Asgari Endişe)
Çalıkuşu çıvgını;Phylloscopus proregulus;Phylloscopus;Taygalar, iğne yapraklı ormanlar;Türkiye için rastlantısal;LC (Asgari Endişe)
Keşiş kuyrukkakanı;Oenanthe monacha;Oenanthe;Çöller, çok kurak uçurumlar;Türkiye için rastlantısal;LC (Asgari Endişe)
Kızılbaşlı kirazkuşu;Emberiza bruniceps;Emberiza;Çalılıklı tarlalar;Nadir / Türkiye için rastlantısal;LC (Asgari Endişe)
Akyanaklı arapbülbülü;Pycnonotus leucotis;Pycnonotus;Hurmalıklar, meyvelikler, bahçeler;Güneydoğu (Nadir/Rastlantısal);LC (Asgari Endişe)
Moğol incirkuşu;Anthus godlewskii;Anthus;Kuru otlaklar, dağ yamaçları;Türkiye için rastlantısal;LC (Asgari Endişe)
Şikra;Accipiter badius;Accipiter;Savanlar, açık ağaçlıklar;Türkiye için rastlantısal;LC (Asgari Endişe)
Küçük sazhorozu;Porphyrio alleni;Porphyrio;Sazlıklı bataklıklar, göller;Türkiye için rastlantısal;LC (Asgari Endişe)
Esmer çıvgın;Phylloscopus fuscatus;Phylloscopus;Bataklık kenarı çalılıkları;Türkiye için rastlantısal;LC (Asgari Endişe)
Kuzey gümüş martı;Larus argentatus;Larus;Deniz kıyıları, şehirler;Nadir kış ziyaretçisi;LC (Asgari Endişe)
Batı ak mukalliti;Iduna opaca;Iduna;Nehir kenarı ağaçlıkları, bahçeler;Türkiye için rastlantısal;LC (Asgari Endişe)
Karaboğazlı dağbülbülü;Prunella atrogularis;Prunella;Taygalar, dağlık orman kenarları;Türkiye için rastlantısal;LC (Asgari Endişe)
Küçük çıvgın;Phylloscopus neglectus;Phylloscopus;Kurak dağ yamaçlarındaki çalılar;Türkiye için rastlantısal;LC (Asgari Endişe)
Türkistan örümcekkuşu;Lanius phoenicuroides;Lanius;Yarı kurak çalılıklar;Türkiye için rastlantısal;LC (Asgari Endişe)
Cambaz kartal;Terathopius ecaudatus;Terathopius;Açık ovalar, savanlar;Türkiye için rastlantısal;EN (Tehlikede)
Sazak mukalliti;Iduna rama;Iduna;Sazlık kenarları, ılgınlar;Türkiye için rastlantısal;LC (Asgari Endişe)
Gribaşlı kızkuşu;Vanellus cinereus;Vanellus;Sığ bataklıklar, tarlalar;Türkiye için rastlantısal;LC (Asgari Endişe)
Küçük tarlakuşu;Alauda gulgula;Alauda;Kuru tarlalar, otlaklar;Türkiye için rastlantısal;LC (Asgari Endişe)
Basra kamışçını;Acrocephalus griseldis;Acrocephalus;Geniş sulak alanlar, sazlıklar;Türkiye için rastlantısal;EN (Tehlikede)
Mavikuyruklu bülbül;Tarsiger cyanurus;Tarsiger;Taygalar, iğne yapraklı ormanlar;Türkiye için rastlantısal;LC (Asgari Endişe)
Hint Kazı;Anser indicus;Anser;Yüksek dağ gölleri;Rastlantısal / Park Kaçkını;LC (Asgari Endişe)
Kanada Kazı;Branta canadensis;Branta;Göller, parklar, nehirler;Rastlantısal / Park Kaçkını;LC (Asgari Endişe)
Çizgiligerdanlı kırlangıç;Petrochelidon fluvicola;Petrochelidon;Nehir kenarları, köprü altları;Türkiye için rastlantısal;LC (Asgari Endişe)
Tibet cılıbıtı;Charadrius atrifrons;Charadrius;Kumsallar, çamur düzlükleri;Türkiye için rastlantısal;LC (Asgari Endişe)
Arabistan toygarı;Eremalauda eremodites;Eremalauda;Kumlu çöller, kurak stepler;Türkiye için rastlantısal;LC (Asgari Endişe)
Çizgili suyelvesi;Amaurornis marginalis;Amaurornis;Nemli çayırlar, sulak alanlar;Türkiye için rastlantısal;LC (Asgari Endişe)
Kıyı balıkçılı;Egretta gularis;Egretta;Kayalık sahiller, resifler;Türkiye için rastlantısal;LC (Asgari Endişe)
Çöl çobanaldatanı;Caprimulgus aegyptius;Caprimulgus;Kurak kumullar, yarı çöller;Türkiye için rastlantısal;LC (Asgari Endişe)
Kara taşkuşu;Saxicola caprata;Saxicola;Kuru tarlalar, otlaklar;Türkiye için rastlantısal;LC (Asgari Endişe)
Çatalkuyruklu martı;Xema sabini;Xema;Açık okyanus, kıyı suları;Türkiye için rastlantısal;LC (Asgari Endişe)
Külrengi Yelkovan;Calonectris diomedea;Calonectris;Açık deniz, adalar;Türkiye kıyılarında nadir;LC (Asgari Endişe)
Çöl kulaklı toygarı;Eremophila bilopha;Eremophila;Kurak ve kayalık çöller;Türkiye için rastlantısal;LC (Asgari Endişe)
Atlantik boz yelkovanı;Calonectris borealis;Calonectris;Okyanus suları, kıyılar;Türkiye için rastlantısal;LC (Asgari Endişe)
Sibirya suçulluğu;Gallinago stenura;Gallinago;Bataklıklar, ıslak tarlalar;Türkiye için rastlantısal;LC (Asgari Endişe)
Akdeniz çorak toygarı;Alaudala rufescens;Alaudala;Tuzlu stepler, yarı çöller;Türkiye için rastlantısal;LC (Asgari Endişe)
Güneyli Yakutrenkli Arıkuşu;Merops nubicoides;Merops;Açık ağaçlık alanlar;Türkiye için rastlantısal;LC (Asgari Endişe)
Karabaşlı çulhakuşu;Remiz macronyx;Remiz;Geniş sazlıklar;Türkiye için rastlantısal;LC (Asgari Endişe)
Bazalt Kuyrukkakanı;Oenanthe warriae;Oenanthe;Kurak bazalt kayalıkları;Türkiye için rastlantısal;LC (Asgari Endişe)
Yeşil sırtlı balıkçıl;Butorides striata;Butorides;Nehir kıyıları, mangrovlar;Türkiye için rastlantısal;LC (Asgari Endişe)
Filistin nektarkuşu;Cinnyris osea;Cinnyris;Bahçeler, meyvelikler;Türkiye için rastlantısal;LC (Asgari Endişe)
Doğulu Kızıl Kırlangıç;Cecropis daurica;Cecropis;Kayalıklar, nehir vadileri;Türkiye için rastlantısal (Alt tür);LC (Asgari Endişe)
Kara Sümsük;Sula leucogaster;Sula;Tropikal okyanus suları;Türkiye için rastlantısal;LC (Asgari Endişe)
Benekli kumkuşu;Calidris melanotos;Calidris;Çamur düzlükleri;Türkiye için rastlantısal;LC (Asgari Endişe)
Batı Afrika sumrusu;Thalasseus albididorsalis;Thalasseus;Kıyı suları;Türkiye için rastlantısal;LC (Asgari Endişe)
Uzun gagalı suçulluğu;Limnodromus scolopaceus;Limnodromus;Sığ bataklıklar, tatlı su;Türkiye için rastlantısal;LC (Asgari Endişe)
Büyük yelkovan;Ardenna gravis;Ardenna;Açık deniz;Türkiye için rastlantısal;LC (Asgari Endişe)
Takkeli cılıbıt;Charadrius tricollaris;Charadrius;Kumlu nehir kenarları;Türkiye için rastlantısal;LC (Asgari Endişe)
Karasuratlı kirazkuşu;Emberiza spodocephala;Emberiza;Çalılıklar, bataklık ormanları;Türkiye için rastlantısal;LC (Asgari Endişe)
